epoch,loss,mean_squared_error
0,0.8821436762809753,0.8821436762809753
1,0.7630748152732849,0.7630748152732849
2,0.716986894607544,0.716986894607544
3,0.7049696445465088,0.7049696445465088
4,0.6861046552658081,0.6861046552658081
5,0.6701472997665405,0.6701472997665405
6,0.6190107464790344,0.6190107464790344
7,0.7639901041984558,0.7639901041984558
8,0.651176929473877,0.651176929473877
9,0.5656784772872925,0.5656784772872925
10,0.501615583896637,0.501615583896637
11,0.4361433684825897,0.4361433684825897
12,0.41615965962409973,0.41615965962409973
13,0.3882003724575043,0.3882003724575043
14,0.3770536780357361,0.3770536780357361
15,0.35474538803100586,0.35474538803100586
16,0.32616353034973145,0.32616353034973145
17,0.3155952990055084,0.3155952990055084
18,0.30982547998428345,0.30982547998428345
19,0.3007626533508301,0.3007626533508301
20,0.29172053933143616,0.29172053933143616
21,0.28711700439453125,0.28711700439453125
22,0.28088897466659546,0.28088897466659546
23,0.2957487106323242,0.2957487106323242
24,0.28849905729293823,0.28849905729293823
25,0.2663274109363556,0.2663274109363556
26,0.2650296092033386,0.2650296092033386
27,0.25730276107788086,0.25730276107788086
28,0.2506972551345825,0.2506972551345825
29,0.2660193145275116,0.2660193145275116
30,0.2440767139196396,0.2440767139196396
31,0.239980548620224,0.239980548620224
32,0.24905383586883545,0.24905383586883545
33,0.2323751300573349,0.2323751300573349
34,0.22673094272613525,0.22673094272613525
35,0.22759699821472168,0.22759699821472168
36,0.22055265307426453,0.22055265307426453
37,0.22714196145534515,0.22714196145534515
38,0.22016747295856476,0.22016747295856476
39,0.208473339676857,0.208473339676857
40,0.22364598512649536,0.22364598512649536
41,0.20885460078716278,0.20885460078716278
42,0.20594584941864014,0.20594584941864014
43,0.2029128223657608,0.2029128223657608
44,0.1933029592037201,0.1933029592037201
45,0.24888141453266144,0.24888141453266144
46,0.2447788119316101,0.2447788119316101
47,0.21159695088863373,0.21159695088863373
48,0.19133707880973816,0.19133707880973816
49,0.18285559117794037,0.18285559117794037
50,0.17894023656845093,0.17894023656845093
51,0.18749405443668365,0.18749405443668365
52,0.17319373786449432,0.17319373786449432
53,0.20004889369010925,0.20004889369010925
54,0.17514151334762573,0.17514151334762573
55,0.1686188131570816,0.1686188131570816
56,0.16883617639541626,0.16883617639541626
57,0.16209758818149567,0.16209758818149567
58,0.17661446332931519,0.17661446332931519
59,0.1582208126783371,0.1582208126783371
60,0.160852313041687,0.160852313041687
61,0.16709043085575104,0.16709043085575104
62,0.1552726924419403,0.1552726924419403
63,0.15987856686115265,0.15987856686115265
64,0.14983677864074707,0.14983677864074707
65,0.14502054452896118,0.14502054452896118
66,0.14788958430290222,0.14788958430290222
67,0.14236967265605927,0.14236967265605927
68,0.15223926305770874,0.15223926305770874
69,0.15211667120456696,0.15211667120456696
70,0.1502705067396164,0.1502705067396164
71,0.14756813645362854,0.14756813645362854
72,0.14144280552864075,0.14144280552864075
73,0.13666069507598877,0.13666069507598877
74,0.13696642220020294,0.13696642220020294
75,0.13288313150405884,0.13288313150405884
76,0.1360166370868683,0.1360166370868683
77,0.13433820009231567,0.13433820009231567
78,0.1296914666891098,0.1296914666891098
79,0.18820323050022125,0.18820323050022125
80,0.14955639839172363,0.14955639839172363
81,0.13593299686908722,0.13593299686908722
82,0.13127575814723969,0.13127575814723969
83,0.128409281373024,0.128409281373024
84,0.12945109605789185,0.12945109605789185
85,0.12448570132255554,0.12448570132255554
86,0.12371963262557983,0.12371963262557983
87,0.12168020009994507,0.12168020009994507
88,0.11800660938024521,0.11800660938024521
89,0.11973395943641663,0.11973395943641663
90,0.12249436974525452,0.12249436974525452
91,0.1259981393814087,0.1259981393814087
92,0.12301478534936905,0.12301478534936905
93,0.12622545659542084,0.12622545659542084
94,0.1214490532875061,0.1214490532875061
95,0.12079515308141708,0.12079515308141708
96,0.1230568066239357,0.1230568066239357
97,0.11674333363771439,0.11674333363771439
98,0.11451804637908936,0.11451804637908936
99,0.11972536891698837,0.11972536891698837
100,0.12243498861789703,0.12243498861789703
101,0.11731985211372375,0.11731985211372375
102,0.11149460077285767,0.11149460077285767
103,0.11148427426815033,0.11148427426815033
104,0.1115553230047226,0.1115553230047226
105,0.11209297925233841,0.11209297925233841
106,0.1084214299917221,0.1084214299917221
107,0.1090027242898941,0.1090027242898941
108,0.10641202330589294,0.10641202330589294
109,0.10558349639177322,0.10558349639177322
110,0.10754521191120148,0.10754521191120148
111,0.10700521618127823,0.10700521618127823
112,0.10574662685394287,0.10574662685394287
113,0.1110675260424614,0.1110675260424614
114,0.10824359208345413,0.10824359208345413
115,0.10396431386470795,0.10396431386470795
116,0.10342071950435638,0.10342071950435638
117,0.1036822572350502,0.1036822572350502
118,0.10690579563379288,0.10690579563379288
119,0.10476130247116089,0.10476130247116089
120,0.1015196442604065,0.1015196442604065
121,0.10103441029787064,0.10103441029787064
122,0.10519199073314667,0.10519199073314667
123,0.10391836613416672,0.10391836613416672
124,0.103257916867733,0.103257916867733
125,0.10383819043636322,0.10383819043636322
126,0.10059304535388947,0.10059304535388947
127,0.09951889514923096,0.09951889514923096
128,0.09756985306739807,0.09756985306739807
129,0.09990324079990387,0.09990324079990387
130,0.09536048769950867,0.09536048769950867
131,0.0946812853217125,0.0946812853217125
132,0.10438678413629532,0.10438678413629532
133,0.10050580650568008,0.10050580650568008
134,0.09538456052541733,0.09538456052541733
135,0.09290103614330292,0.09290103614330292
136,0.0938166156411171,0.0938166156411171
137,0.09346773475408554,0.09346773475408554
138,0.09157409518957138,0.09157409518957138
139,0.09337662905454636,0.09337662905454636
140,0.09150179475545883,0.09150179475545883
141,0.09025062620639801,0.09025062620639801
142,0.09087467938661575,0.09087467938661575
143,0.08886174112558365,0.08886174112558365
144,0.08805181831121445,0.08805181831121445
145,0.08888465166091919,0.08888465166091919
146,0.08958891779184341,0.08958891779184341
147,0.09010840952396393,0.09010840952396393
148,0.11289209127426147,0.11289209127426147
149,0.09298533946275711,0.09298533946275711
150,0.09099383652210236,0.09099383652210236
151,0.08577389270067215,0.08577389270067215
152,0.08785796165466309,0.08785796165466309
153,0.08650673925876617,0.08650673925876617
154,0.08328060060739517,0.08328060060739517
155,0.08378319442272186,0.08378319442272186
156,0.0833752229809761,0.0833752229809761
157,0.08519527316093445,0.08519527316093445
158,0.08371911197900772,0.08371911197900772
159,0.08539026975631714,0.08539026975631714
160,0.09079109132289886,0.09079109132289886
161,0.08538462221622467,0.08538462221622467
162,0.08290985226631165,0.08290985226631165
163,0.08267099410295486,0.08267099410295486
164,0.08354227989912033,0.08354227989912033
165,0.08513816446065903,0.08513816446065903
166,0.08371765166521072,0.08371765166521072
167,0.08821942657232285,0.08821942657232285
168,0.08444460481405258,0.08444460481405258
169,0.07994474470615387,0.07994474470615387
170,0.08319581300020218,0.08319581300020218
171,0.0810457244515419,0.0810457244515419
172,0.07956010848283768,0.07956010848283768
173,0.08047021180391312,0.08047021180391312
174,0.0770936980843544,0.0770936980843544
175,0.0772600769996643,0.0772600769996643
176,0.07932034134864807,0.07932034134864807
177,0.07869888842105865,0.07869888842105865
178,0.07811730355024338,0.07811730355024338
179,0.08131739497184753,0.08131739497184753
180,0.07703296840190887,0.07703296840190887
181,0.08639887720346451,0.08639887720346451
182,0.09160852432250977,0.09160852432250977
183,0.0781979039311409,0.0781979039311409
184,0.07821819186210632,0.07821819186210632
185,0.07691185921430588,0.07691185921430588
186,0.07509415596723557,0.07509415596723557
187,0.07409488409757614,0.07409488409757614
188,0.07422799617052078,0.07422799617052078
189,0.07426894456148148,0.07426894456148148
190,0.07372809946537018,0.07372809946537018
191,0.07427475601434708,0.07427475601434708
192,0.07413852959871292,0.07413852959871292
193,0.07267316430807114,0.07267316430807114
194,0.07307751476764679,0.07307751476764679
195,0.07317139953374863,0.07317139953374863
196,0.0740131363272667,0.0740131363272667
197,0.07295102626085281,0.07295102626085281
198,0.07255936414003372,0.07255936414003372
199,0.07404942810535431,0.07404942810535431
200,0.07306741178035736,0.07306741178035736
201,0.07283951342105865,0.07283951342105865
202,0.07232499122619629,0.07232499122619629
203,0.07323040068149567,0.07323040068149567
204,0.07135144621133804,0.07135144621133804
205,0.073276586830616,0.073276586830616
206,0.073533795773983,0.073533795773983
207,0.08155495673418045,0.08155495673418045
208,0.07614759355783463,0.07614759355783463
209,0.07726269960403442,0.07726269960403442
210,0.07318613678216934,0.07318613678216934
211,0.07157090306282043,0.07157090306282043
212,0.07065585255622864,0.07065585255622864
213,0.06873077154159546,0.06873077154159546
214,0.06853023171424866,0.06853023171424866
215,0.07102026790380478,0.07102026790380478
216,0.07700146734714508,0.07700146734714508
217,0.0746174156665802,0.0746174156665802
218,0.06928766518831253,0.06928766518831253
219,0.06849086284637451,0.06849086284637451
220,0.06904451549053192,0.06904451549053192
221,0.07074733823537827,0.07074733823537827
222,0.06813334673643112,0.06813334673643112
223,0.06616675853729248,0.06616675853729248
224,0.07080145925283432,0.07080145925283432
225,0.07192422449588776,0.07192422449588776
226,0.06772183626890182,0.06772183626890182
227,0.06759394705295563,0.06759394705295563
228,0.06953424960374832,0.06953424960374832
229,0.0685315877199173,0.0685315877199173
230,0.06700480729341507,0.06700480729341507
231,0.06602638959884644,0.06602638959884644
232,0.06602680683135986,0.06602680683135986
233,0.06588419526815414,0.06588419526815414
234,0.06639474630355835,0.06639474630355835
235,0.0677875354886055,0.0677875354886055
236,0.06679676473140717,0.06679676473140717
237,0.06454862654209137,0.06454862654209137
238,0.06463143229484558,0.06463143229484558
239,0.06573615968227386,0.06573615968227386
240,0.06859813630580902,0.06859813630580902
241,0.06640371680259705,0.06640371680259705
242,0.06433823704719543,0.06433823704719543
243,0.06345947831869125,0.06345947831869125
244,0.06330497562885284,0.06330497562885284
245,0.06381791830062866,0.06381791830062866
246,0.06254942715167999,0.06254942715167999
247,0.06275992095470428,0.06275992095470428
248,0.06417840719223022,0.06417840719223022
249,0.06682484596967697,0.06682484596967697
250,0.06495286524295807,0.06495286524295807
251,0.06520729511976242,0.06520729511976242
252,0.06387270241975784,0.06387270241975784
253,0.06352774053812027,0.06352774053812027
254,0.06427182257175446,0.06427182257175446
255,0.06499218940734863,0.06499218940734863
256,0.06237148493528366,0.06237148493528366
257,0.060997653752565384,0.060997653752565384
258,0.06129590794444084,0.06129590794444084
259,0.06048891320824623,0.06048891320824623
260,0.06022587791085243,0.06022587791085243
261,0.06022603437304497,0.06022603437304497
262,0.060364846140146255,0.060364846140146255
263,0.05988997593522072,0.05988997593522072
264,0.06035640463232994,0.06035640463232994
265,0.06100858002901077,0.06100858002901077
266,0.061343468725681305,0.061343468725681305
267,0.06044289842247963,0.06044289842247963
268,0.05860304832458496,0.05860304832458496
269,0.05939242243766785,0.05939242243766785
270,0.059082623571157455,0.059082623571157455
271,0.05929490551352501,0.05929490551352501
272,0.05934971198439598,0.05934971198439598
273,0.05837368965148926,0.05837368965148926
274,0.058360978960990906,0.058360978960990906
275,0.05985502153635025,0.05985502153635025
276,0.06007852032780647,0.06007852032780647
277,0.05822797492146492,0.05822797492146492
278,0.05950012803077698,0.05950012803077698
279,0.05901012942194939,0.05901012942194939
280,0.05919766053557396,0.05919766053557396
281,0.05754072591662407,0.05754072591662407
282,0.057396408170461655,0.057396408170461655
283,0.06214812397956848,0.06214812397956848
284,0.06462512165307999,0.06462512165307999
285,0.05874178931117058,0.05874178931117058
286,0.05733606591820717,0.05733606591820717
287,0.05687250569462776,0.05687250569462776
288,0.06012594699859619,0.06012594699859619
289,0.05619075149297714,0.05619075149297714
290,0.056783851236104965,0.056783851236104965
291,0.05567687377333641,0.05567687377333641
292,0.055081937462091446,0.055081937462091446
293,0.05456417426466942,0.05456417426466942
294,0.05420587211847305,0.05420587211847305
295,0.05458203703165054,0.05458203703165054
296,0.05455722287297249,0.05455722287297249
297,0.05429539829492569,0.05429539829492569
298,0.05462178960442543,0.05462178960442543
299,0.05447528883814812,0.05447528883814812
300,0.05284319818019867,0.05284319818019867
301,0.053684644401073456,0.053684644401073456
302,0.058340009301900864,0.058340009301900864
303,0.055484380573034286,0.055484380573034286
304,0.05613049492239952,0.05613049492239952
305,0.05357838049530983,0.05357838049530983
306,0.05529974400997162,0.05529974400997162
307,0.05512267351150513,0.05512267351150513
308,0.057006388902664185,0.057006388902664185
309,0.06380665302276611,0.06380665302276611
310,0.06340040266513824,0.06340040266513824
311,0.055485326796770096,0.055485326796770096
312,0.0540592335164547,0.0540592335164547
313,0.05365174636244774,0.05365174636244774
314,0.05228288099169731,0.05228288099169731
315,0.05146228149533272,0.05146228149533272
316,0.05056142061948776,0.05056142061948776
317,0.05120422691106796,0.05120422691106796
318,0.05149718374013901,0.05149718374013901
319,0.054517749696969986,0.054517749696969986
320,0.0532434917986393,0.0532434917986393
321,0.05195920914411545,0.05195920914411545
322,0.052796270698308945,0.052796270698308945
323,0.05031239613890648,0.05031239613890648
324,0.05007004365324974,0.05007004365324974
325,0.049947820603847504,0.049947820603847504
326,0.049765512347221375,0.049765512347221375
327,0.051951583474874496,0.051951583474874496
328,0.05448373779654503,0.05448373779654503
329,0.05444964021444321,0.05444964021444321
330,0.05523885414004326,0.05523885414004326
331,0.05203200876712799,0.05203200876712799
332,0.04917258024215698,0.04917258024215698
333,0.048412222415208817,0.048412222415208817
334,0.04870543256402016,0.04870543256402016
335,0.04858209192752838,0.04858209192752838
336,0.05222080275416374,0.05222080275416374
337,0.049386296421289444,0.049386296421289444
338,0.04859806224703789,0.04859806224703789
339,0.049963515251874924,0.049963515251874924
340,0.04968438297510147,0.04968438297510147
341,0.048289939761161804,0.048289939761161804
342,0.04793885722756386,0.04793885722756386
343,0.048746414482593536,0.048746414482593536
344,0.04813125357031822,0.04813125357031822
345,0.0470099076628685,0.0470099076628685
346,0.0470154695212841,0.0470154695212841
347,0.049247272312641144,0.049247272312641144
348,0.04838835448026657,0.04838835448026657
349,0.04758268967270851,0.04758268967270851
350,0.04800663888454437,0.04800663888454437
351,0.04701657220721245,0.04701657220721245
352,0.0480673722922802,0.0480673722922802
353,0.04839359223842621,0.04839359223842621
354,0.04663998633623123,0.04663998633623123
355,0.049010470509529114,0.049010470509529114
356,0.046672455966472626,0.046672455966472626
357,0.04615791141986847,0.04615791141986847
358,0.04673644155263901,0.04673644155263901
359,0.047128502279520035,0.047128502279520035
360,0.04893450438976288,0.04893450438976288
361,0.04765356332063675,0.04765356332063675
362,0.04734022915363312,0.04734022915363312
363,0.04689386487007141,0.04689386487007141
364,0.04404248669743538,0.04404248669743538
365,0.045049771666526794,0.045049771666526794
366,0.04603263735771179,0.04603263735771179
367,0.0441996194422245,0.0441996194422245
368,0.044314879924058914,0.044314879924058914
369,0.044740404933691025,0.044740404933691025
370,0.04711496829986572,0.04711496829986572
371,0.04535051807761192,0.04535051807761192
372,0.04399489983916283,0.04399489983916283
373,0.04299479350447655,0.04299479350447655
374,0.04321381449699402,0.04321381449699402
375,0.0427696630358696,0.0427696630358696
376,0.04325725510716438,0.04325725510716438
377,0.044402457773685455,0.044402457773685455
378,0.04766368865966797,0.04766368865966797
379,0.04928440973162651,0.04928440973162651
380,0.047788601368665695,0.047788601368665695
381,0.04415804147720337,0.04415804147720337
382,0.043499864637851715,0.043499864637851715
383,0.045047808438539505,0.045047808438539505
384,0.04550321027636528,0.04550321027636528
385,0.04297101870179176,0.04297101870179176
386,0.04208563268184662,0.04208563268184662
387,0.04194536805152893,0.04194536805152893
388,0.04188189655542374,0.04188189655542374
389,0.041834283620119095,0.041834283620119095
390,0.04149119183421135,0.04149119183421135
391,0.041154954582452774,0.041154954582452774
392,0.04176584631204605,0.04176584631204605
393,0.04220625385642052,0.04220625385642052
394,0.04183673486113548,0.04183673486113548
395,0.04223534092307091,0.04223534092307091
396,0.04046346992254257,0.04046346992254257
397,0.039752762764692307,0.039752762764692307
398,0.04125130921602249,0.04125130921602249
399,0.041028860956430435,0.041028860956430435
400,0.04164755344390869,0.04164755344390869
401,0.04198893532156944,0.04198893532156944
402,0.04087746888399124,0.04087746888399124
403,0.03997383639216423,0.03997383639216423
404,0.039331305772066116,0.039331305772066116
405,0.04085847735404968,0.04085847735404968
406,0.04094601795077324,0.04094601795077324
407,0.04296981915831566,0.04296981915831566
408,0.04209895804524422,0.04209895804524422
409,0.042149100452661514,0.042149100452661514
410,0.0399816669523716,0.0399816669523716
411,0.03855174407362938,0.03855174407362938
412,0.03865771368145943,0.03865771368145943
413,0.0397324413061142,0.0397324413061142
414,0.04234057664871216,0.04234057664871216
415,0.0418538898229599,0.0418538898229599
416,0.03957236558198929,0.03957236558198929
417,0.04071227088570595,0.04071227088570595
418,0.04137043282389641,0.04137043282389641
419,0.04085327312350273,0.04085327312350273
420,0.038105644285678864,0.038105644285678864
421,0.03833410143852234,0.03833410143852234
422,0.03729283809661865,0.03729283809661865
423,0.037170760333538055,0.037170760333538055
424,0.03801634535193443,0.03801634535193443
425,0.037889979779720306,0.037889979779720306
426,0.03728574514389038,0.03728574514389038
427,0.03670480102300644,0.03670480102300644
428,0.0384027436375618,0.0384027436375618
429,0.03720254451036453,0.03720254451036453
430,0.037834908813238144,0.037834908813238144
431,0.03755109757184982,0.03755109757184982
432,0.03915437310934067,0.03915437310934067
433,0.03850037604570389,0.03850037604570389
434,0.03801141306757927,0.03801141306757927
435,0.03673991933465004,0.03673991933465004
436,0.036173053085803986,0.036173053085803986
437,0.03733952343463898,0.03733952343463898
438,0.0379934087395668,0.0379934087395668
439,0.03690476343035698,0.03690476343035698
440,0.03633660078048706,0.03633660078048706
441,0.0355801023542881,0.0355801023542881
442,0.03681502491235733,0.03681502491235733
443,0.03559863567352295,0.03559863567352295
444,0.03573840484023094,0.03573840484023094
445,0.03603126108646393,0.03603126108646393
446,0.036548782140016556,0.036548782140016556
447,0.035904791206121445,0.035904791206121445
448,0.03691672906279564,0.03691672906279564
449,0.03761272877454758,0.03761272877454758
450,0.036745585501194,0.036745585501194
451,0.0362367108464241,0.0362367108464241
452,0.034884799271821976,0.034884799271821976
453,0.034628722816705704,0.034628722816705704
454,0.03408322110772133,0.03408322110772133
455,0.03420821949839592,0.03420821949839592
456,0.03461092710494995,0.03461092710494995
457,0.03438816964626312,0.03438816964626312
458,0.034616876393556595,0.034616876393556595
459,0.03476180136203766,0.03476180136203766
460,0.034959666430950165,0.034959666430950165
461,0.03467809408903122,0.03467809408903122
462,0.03382937237620354,0.03382937237620354
463,0.03496396169066429,0.03496396169066429
464,0.038441844284534454,0.038441844284534454
465,0.0358138307929039,0.0358138307929039
466,0.0338563546538353,0.0338563546538353
467,0.03466029092669487,0.03466029092669487
468,0.03556443378329277,0.03556443378329277
469,0.03946714103221893,0.03946714103221893
470,0.035179343074560165,0.035179343074560165
471,0.03419386222958565,0.03419386222958565
472,0.03431382775306702,0.03431382775306702
473,0.03346090018749237,0.03346090018749237
474,0.032471537590026855,0.032471537590026855
475,0.03230949118733406,0.03230949118733406
476,0.03187050297856331,0.03187050297856331
477,0.03180322051048279,0.03180322051048279
478,0.03223919868469238,0.03223919868469238
479,0.03285595774650574,0.03285595774650574
480,0.03377361223101616,0.03377361223101616
481,0.03133143484592438,0.03133143484592438
482,0.03153114393353462,0.03153114393353462
483,0.03372523561120033,0.03372523561120033
484,0.033398184925317764,0.033398184925317764
485,0.03197495639324188,0.03197495639324188
486,0.03346141427755356,0.03346141427755356
487,0.032923825085163116,0.032923825085163116
488,0.03175551816821098,0.03175551816821098
489,0.03144244849681854,0.03144244849681854
490,0.03172986954450607,0.03172986954450607
491,0.030944757163524628,0.030944757163524628
492,0.03214608505368233,0.03214608505368233
493,0.03135848790407181,0.03135848790407181
494,0.03128533065319061,0.03128533065319061
495,0.032764982432127,0.032764982432127
496,0.03257525712251663,0.03257525712251663
497,0.03063013218343258,0.03063013218343258
498,0.03050655871629715,0.03050655871629715
499,0.030402496457099915,0.030402496457099915
500,0.030148020014166832,0.030148020014166832
501,0.03138826787471771,0.03138826787471771
502,0.03127286955714226,0.03127286955714226
503,0.031624551862478256,0.031624551862478256
504,0.030732853338122368,0.030732853338122368
505,0.030914880335330963,0.030914880335330963
506,0.030154377222061157,0.030154377222061157
507,0.030608629807829857,0.030608629807829857
508,0.030976466834545135,0.030976466834545135
509,0.030531013384461403,0.030531013384461403
510,0.029864484444260597,0.029864484444260597
511,0.029558205977082253,0.029558205977082253
512,0.029639674350619316,0.029639674350619316
513,0.029613055288791656,0.029613055288791656
514,0.02915460243821144,0.02915460243821144
515,0.029496608301997185,0.029496608301997185
516,0.029608827084302902,0.029608827084302902
517,0.02958732657134533,0.02958732657134533
518,0.029080893844366074,0.029080893844366074
519,0.030136752873659134,0.030136752873659134
520,0.02964259870350361,0.02964259870350361
521,0.029165757820010185,0.029165757820010185
522,0.02867783047258854,0.02867783047258854
523,0.028679752722382545,0.028679752722382545
524,0.02823040448129177,0.02823040448129177
525,0.02855336107313633,0.02855336107313633
526,0.028606588020920753,0.028606588020920753
527,0.02908112294971943,0.02908112294971943
528,0.02949223853647709,0.02949223853647709
529,0.028695883229374886,0.028695883229374886
530,0.028318233788013458,0.028318233788013458
531,0.028109166771173477,0.028109166771173477
532,0.029808003455400467,0.029808003455400467
533,0.03154530003666878,0.03154530003666878
534,0.028945665806531906,0.028945665806531906
535,0.027866538614034653,0.027866538614034653
536,0.027599021792411804,0.027599021792411804
537,0.027275482192635536,0.027275482192635536
538,0.02779036946594715,0.02779036946594715
539,0.0281988438218832,0.0281988438218832
540,0.028245162218809128,0.028245162218809128
541,0.027280272915959358,0.027280272915959358
542,0.02931235544383526,0.02931235544383526
543,0.02846856787800789,0.02846856787800789
544,0.027688641101121902,0.027688641101121902
545,0.027294665575027466,0.027294665575027466
546,0.027413194999098778,0.027413194999098778
547,0.027924876660108566,0.027924876660108566
548,0.02875485084950924,0.02875485084950924
549,0.02742043323814869,0.02742043323814869
550,0.026998847723007202,0.026998847723007202
551,0.02813853695988655,0.02813853695988655
552,0.026486095041036606,0.026486095041036606
553,0.02651723101735115,0.02651723101735115
554,0.0269421748816967,0.0269421748816967
555,0.026521261781454086,0.026521261781454086
556,0.027012724429368973,0.027012724429368973
557,0.02735636755824089,0.02735636755824089
558,0.027118444442749023,0.027118444442749023
559,0.027356203645467758,0.027356203645467758
560,0.026308851316571236,0.026308851316571236
561,0.02707161195576191,0.02707161195576191
562,0.026646357029676437,0.026646357029676437
563,0.02594185620546341,0.02594185620546341
564,0.02673208713531494,0.02673208713531494
565,0.026365749537944794,0.026365749537944794
566,0.026229549199342728,0.026229549199342728
567,0.026082994416356087,0.026082994416356087
568,0.026691779494285583,0.026691779494285583
569,0.025805385783314705,0.025805385783314705
570,0.025785919278860092,0.025785919278860092
571,0.025086846202611923,0.025086846202611923
572,0.02588311955332756,0.02588311955332756
573,0.027017710730433464,0.027017710730433464
574,0.02662583813071251,0.02662583813071251
575,0.029479388147592545,0.029479388147592545
576,0.02758609876036644,0.02758609876036644
577,0.02789795771241188,0.02789795771241188
578,0.02979442849755287,0.02979442849755287
579,0.027656961232423782,0.027656961232423782
580,0.025944022461771965,0.025944022461771965
581,0.027955729514360428,0.027955729514360428
582,0.027376165613532066,0.027376165613532066
583,0.027096973732113838,0.027096973732113838
584,0.02577127330005169,0.02577127330005169
585,0.025334127247333527,0.025334127247333527
586,0.024858301505446434,0.024858301505446434
587,0.024715332314372063,0.024715332314372063
588,0.025218630209565163,0.025218630209565163
589,0.024370741099119186,0.024370741099119186
590,0.025064652785658836,0.025064652785658836
591,0.02569599635899067,0.02569599635899067
592,0.024889079853892326,0.024889079853892326
593,0.024541564285755157,0.024541564285755157
594,0.02477620355784893,0.02477620355784893
595,0.024649593979120255,0.024649593979120255
596,0.02562701888382435,0.02562701888382435
597,0.026600388810038567,0.026600388810038567
598,0.024898437783122063,0.024898437783122063
599,0.024667026475071907,0.024667026475071907
600,0.0244111530482769,0.0244111530482769
601,0.024098891764879227,0.024098891764879227
602,0.024511752650141716,0.024511752650141716
603,0.02362532913684845,0.02362532913684845
604,0.023725561797618866,0.023725561797618866
605,0.023760313168168068,0.023760313168168068
606,0.02414552867412567,0.02414552867412567
607,0.023601656779646873,0.023601656779646873
608,0.02386530674993992,0.02386530674993992
609,0.023276710882782936,0.023276710882782936
610,0.023068048059940338,0.023068048059940338
611,0.02304030954837799,0.02304030954837799
612,0.02358103357255459,0.02358103357255459
613,0.023185180500149727,0.023185180500149727
614,0.023100020363926888,0.023100020363926888
615,0.023225167766213417,0.023225167766213417
616,0.024444127455353737,0.024444127455353737
617,0.023147787898778915,0.023147787898778915
618,0.023712176829576492,0.023712176829576492
619,0.022821497172117233,0.022821497172117233
620,0.022902140393853188,0.022902140393853188
621,0.02344422973692417,0.02344422973692417
622,0.023937590420246124,0.023937590420246124
623,0.022930549457669258,0.022930549457669258
624,0.023519793525338173,0.023519793525338173
625,0.02427702397108078,0.02427702397108078
626,0.02430095337331295,0.02430095337331295
627,0.02336147427558899,0.02336147427558899
628,0.023097703233361244,0.023097703233361244
629,0.02329930104315281,0.02329930104315281
630,0.023172758519649506,0.023172758519649506
631,0.022224586457014084,0.022224586457014084
632,0.022796209901571274,0.022796209901571274
633,0.02326267957687378,0.02326267957687378
634,0.022352788597345352,0.022352788597345352
635,0.022244706749916077,0.022244706749916077
636,0.021831976249814034,0.021831976249814034
637,0.022454679012298584,0.022454679012298584
638,0.022523274645209312,0.022523274645209312
639,0.02199368365108967,0.02199368365108967
640,0.022069787606596947,0.022069787606596947
641,0.021767955273389816,0.021767955273389816
642,0.021851172670722008,0.021851172670722008
643,0.021925896406173706,0.021925896406173706
644,0.021883906796574593,0.021883906796574593
645,0.02182737924158573,0.02182737924158573
646,0.021961329504847527,0.021961329504847527
647,0.02241409197449684,0.02241409197449684
648,0.02186899445950985,0.02186899445950985
649,0.022691190242767334,0.022691190242767334
650,0.022842662408947945,0.022842662408947945
651,0.023405730724334717,0.023405730724334717
652,0.021953267976641655,0.021953267976641655
653,0.02240203134715557,0.02240203134715557
654,0.022412149235606194,0.022412149235606194
655,0.021641789004206657,0.021641789004206657
656,0.02179265394806862,0.02179265394806862
657,0.02154170721769333,0.02154170721769333
658,0.02163752354681492,0.02163752354681492
659,0.02221701852977276,0.02221701852977276
660,0.023050984367728233,0.023050984367728233
661,0.02224908582866192,0.02224908582866192
662,0.022266188636422157,0.022266188636422157
663,0.021786432713270187,0.021786432713270187
664,0.02100354991853237,0.02100354991853237
665,0.02126305177807808,0.02126305177807808
666,0.02075457200407982,0.02075457200407982
667,0.021013367921113968,0.021013367921113968
668,0.021682171151041985,0.021682171151041985
669,0.023225894197821617,0.023225894197821617
670,0.02130519226193428,0.02130519226193428
671,0.020901301875710487,0.020901301875710487
672,0.02219400368630886,0.02219400368630886
673,0.021431824192404747,0.021431824192404747
674,0.021120861172676086,0.021120861172676086
675,0.02148572914302349,0.02148572914302349
676,0.021023323759436607,0.021023323759436607
677,0.021671535447239876,0.021671535447239876
678,0.02194494940340519,0.02194494940340519
679,0.021681342273950577,0.021681342273950577
680,0.022261833772063255,0.022261833772063255
681,0.021587487310171127,0.021587487310171127
682,0.022050220519304276,0.022050220519304276
683,0.021353591233491898,0.021353591233491898
684,0.020687807351350784,0.020687807351350784
685,0.02202136255800724,0.02202136255800724
686,0.021733736619353294,0.021733736619353294
687,0.021057674661278725,0.021057674661278725
688,0.0208218265324831,0.0208218265324831
689,0.021305348724126816,0.021305348724126816
690,0.020281000062823296,0.020281000062823296
691,0.02026153728365898,0.02026153728365898
692,0.02142140083014965,0.02142140083014965
693,0.020047005265951157,0.020047005265951157
694,0.02030254155397415,0.02030254155397415
695,0.020245736464858055,0.020245736464858055
696,0.020099828019738197,0.020099828019738197
697,0.01975668966770172,0.01975668966770172
698,0.019658969715237617,0.019658969715237617
699,0.020178142935037613,0.020178142935037613
700,0.020064780488610268,0.020064780488610268
701,0.020111043006181717,0.020111043006181717
702,0.021220695227384567,0.021220695227384567
703,0.02000156231224537,0.02000156231224537
704,0.019983680918812752,0.019983680918812752
705,0.020092660561203957,0.020092660561203957
706,0.020984163507819176,0.020984163507819176
707,0.01998954266309738,0.01998954266309738
708,0.020147880539298058,0.020147880539298058
709,0.019686376675963402,0.019686376675963402
710,0.019952625036239624,0.019952625036239624
711,0.019496506080031395,0.019496506080031395
712,0.01946667581796646,0.01946667581796646
713,0.019789692014455795,0.019789692014455795
714,0.019729487597942352,0.019729487597942352
715,0.019745996221899986,0.019745996221899986
716,0.01967490464448929,0.01967490464448929
717,0.019822027534246445,0.019822027534246445
718,0.019820287823677063,0.019820287823677063
719,0.02054738439619541,0.02054738439619541
720,0.01936267502605915,0.01936267502605915
721,0.019656725227832794,0.019656725227832794
722,0.01960671879351139,0.01960671879351139
723,0.019758759066462517,0.019758759066462517
724,0.019354337826371193,0.019354337826371193
725,0.019256770610809326,0.019256770610809326
726,0.019296422600746155,0.019296422600746155
727,0.018998321145772934,0.018998321145772934
728,0.01902373693883419,0.01902373693883419
729,0.018880164250731468,0.018880164250731468
730,0.018815448507666588,0.018815448507666588
731,0.01949525997042656,0.01949525997042656
732,0.020157352089881897,0.020157352089881897
733,0.01948857121169567,0.01948857121169567
734,0.01920372247695923,0.01920372247695923
735,0.019537316635251045,0.019537316635251045
736,0.01921010948717594,0.01921010948717594
737,0.020076429471373558,0.020076429471373558
738,0.019727086648344994,0.019727086648344994
739,0.01896895281970501,0.01896895281970501
740,0.020251816138625145,0.020251816138625145
741,0.01892702467739582,0.01892702467739582
742,0.019273653626441956,0.019273653626441956
743,0.019011955708265305,0.019011955708265305
744,0.018743790686130524,0.018743790686130524
745,0.018362099304795265,0.018362099304795265
746,0.0190268661826849,0.0190268661826849
747,0.018734125420451164,0.018734125420451164
748,0.01834673061966896,0.01834673061966896
749,0.018770389258861542,0.018770389258861542
750,0.018817104399204254,0.018817104399204254
751,0.018906012177467346,0.018906012177467346
752,0.019650161266326904,0.019650161266326904
753,0.02017734944820404,0.02017734944820404
754,0.01917419768869877,0.01917419768869877
755,0.018896091729402542,0.018896091729402542
756,0.01904972456395626,0.01904972456395626
757,0.01961151883006096,0.01961151883006096
758,0.018650909885764122,0.018650909885764122
759,0.018573720008134842,0.018573720008134842
760,0.01824801415205002,0.01824801415205002
761,0.018010912463068962,0.018010912463068962
762,0.018161790445446968,0.018161790445446968
763,0.018240606412291527,0.018240606412291527
764,0.01905691809952259,0.01905691809952259
765,0.01851324364542961,0.01851324364542961
766,0.018241867423057556,0.018241867423057556
767,0.017944881692528725,0.017944881692528725
768,0.018657846376299858,0.018657846376299858
769,0.019126517698168755,0.019126517698168755
770,0.018126286566257477,0.018126286566257477
771,0.01789369061589241,0.01789369061589241
772,0.017810173332691193,0.017810173332691193
773,0.018617911264300346,0.018617911264300346
774,0.019597558304667473,0.019597558304667473
775,0.018489520996809006,0.018489520996809006
776,0.017868373543024063,0.017868373543024063
777,0.01780090481042862,0.01780090481042862
778,0.017779864370822906,0.017779864370822906
779,0.017621004953980446,0.017621004953980446
780,0.019751084968447685,0.019751084968447685
781,0.019918661564588547,0.019918661564588547
782,0.0181126706302166,0.0181126706302166
783,0.018434930592775345,0.018434930592775345
784,0.017497198656201363,0.017497198656201363
785,0.01777096465229988,0.01777096465229988
786,0.01720953732728958,0.01720953732728958
787,0.017558753490447998,0.017558753490447998
788,0.01771152764558792,0.01771152764558792
789,0.017382893711328506,0.017382893711328506
790,0.017370032146573067,0.017370032146573067
791,0.017234429717063904,0.017234429717063904
792,0.017120370641350746,0.017120370641350746
793,0.01806604117155075,0.01806604117155075
794,0.01851092465221882,0.01851092465221882
795,0.01905115321278572,0.01905115321278572
796,0.01785912550985813,0.01785912550985813
797,0.01741974987089634,0.01741974987089634
798,0.01778768189251423,0.01778768189251423
799,0.018328920006752014,0.018328920006752014
800,0.017000244930386543,0.017000244930386543
801,0.01742665469646454,0.01742665469646454
802,0.017233116552233696,0.017233116552233696
803,0.017131898552179337,0.017131898552179337
804,0.017321668565273285,0.017321668565273285
805,0.017337169498205185,0.017337169498205185
806,0.017483068630099297,0.017483068630099297
807,0.01750241406261921,0.01750241406261921
808,0.017379790544509888,0.017379790544509888
809,0.01776948571205139,0.01776948571205139
810,0.01757361926138401,0.01757361926138401
811,0.017458908259868622,0.017458908259868622
812,0.01776580885052681,0.01776580885052681
813,0.017388276755809784,0.017388276755809784
814,0.017728198319673538,0.017728198319673538
815,0.017456376925110817,0.017456376925110817
816,0.016944829374551773,0.016944829374551773
817,0.017337312921881676,0.017337312921881676
818,0.017553595826029778,0.017553595826029778
819,0.016856269910931587,0.016856269910931587
820,0.01685800962150097,0.01685800962150097
821,0.017052019014954567,0.017052019014954567
822,0.017506588250398636,0.017506588250398636
823,0.01719396561384201,0.01719396561384201
824,0.017665404826402664,0.017665404826402664
825,0.016966162249445915,0.016966162249445915
826,0.01728660985827446,0.01728660985827446
827,0.016860073432326317,0.016860073432326317
828,0.01687680557370186,0.01687680557370186
829,0.017306072637438774,0.017306072637438774
830,0.019215086475014687,0.019215086475014687
831,0.018755145370960236,0.018755145370960236
832,0.017164507880806923,0.017164507880806923
833,0.017176926136016846,0.017176926136016846
834,0.01695573516190052,0.01695573516190052
835,0.016759753227233887,0.016759753227233887
836,0.016484053805470467,0.016484053805470467
837,0.01635725237429142,0.01635725237429142
838,0.01656181924045086,0.01656181924045086
839,0.016413534060120583,0.016413534060120583
840,0.01654120348393917,0.01654120348393917
841,0.01655559055507183,0.01655559055507183
842,0.016432201489806175,0.016432201489806175
843,0.01598408631980419,0.01598408631980419
844,0.017022494226694107,0.017022494226694107
845,0.016436303034424782,0.016436303034424782
846,0.01691439561545849,0.01691439561545849
847,0.01687731221318245,0.01687731221318245
848,0.016722997650504112,0.016722997650504112
849,0.016917744651436806,0.016917744651436806
850,0.01639251597225666,0.01639251597225666
851,0.01614607870578766,0.01614607870578766
852,0.01598779857158661,0.01598779857158661
853,0.016239071264863014,0.016239071264863014
854,0.016555190086364746,0.016555190086364746
855,0.01672442816197872,0.01672442816197872
856,0.016572311520576477,0.016572311520576477
857,0.01649957336485386,0.01649957336485386
858,0.016947753727436066,0.016947753727436066
859,0.017041945829987526,0.017041945829987526
860,0.01622040756046772,0.01622040756046772
861,0.01612967997789383,0.01612967997789383
862,0.016454024240374565,0.016454024240374565
863,0.016624968498945236,0.016624968498945236
864,0.016069255769252777,0.016069255769252777
865,0.0160033218562603,0.0160033218562603
866,0.015987709164619446,0.015987709164619446
867,0.015843156725168228,0.015843156725168228
868,0.01607275940477848,0.01607275940477848
869,0.01627516932785511,0.01627516932785511
870,0.016128910705447197,0.016128910705447197
871,0.01651727594435215,0.01651727594435215
872,0.016189126297831535,0.016189126297831535
873,0.01596689037978649,0.01596689037978649
874,0.016344411298632622,0.016344411298632622
875,0.015930233523249626,0.015930233523249626
876,0.01595841348171234,0.01595841348171234
877,0.016473859548568726,0.016473859548568726
878,0.016654307022690773,0.016654307022690773
879,0.01599600911140442,0.01599600911140442
880,0.016297850757837296,0.016297850757837296
881,0.015845680609345436,0.015845680609345436
882,0.015881668776273727,0.015881668776273727
883,0.016347113996744156,0.016347113996744156
884,0.015998417511582375,0.015998417511582375
885,0.016181377694010735,0.016181377694010735
886,0.015745200216770172,0.015745198354125023
887,0.015768514946103096,0.015768514946103096
888,0.015559855848550797,0.015559855848550797
889,0.015997378155589104,0.015997378155589104
890,0.016102392226457596,0.016102392226457596
891,0.016343669965863228,0.016343669965863228
892,0.01683100312948227,0.01683100312948227
893,0.01619853638112545,0.01619853638112545
894,0.015936028212308884,0.015936028212308884
895,0.015854710713028908,0.015854710713028908
896,0.015451584942638874,0.015451584942638874
897,0.015334432013332844,0.015334432013332844
898,0.015768636018037796,0.015768636018037796
899,0.01571885496377945,0.01571885496377945
900,0.015284660272300243,0.015284660272300243
901,0.015339011326432228,0.015339011326432228
902,0.016065144911408424,0.016065144911408424
903,0.016462812200188637,0.016462812200188637
904,0.01680796593427658,0.01680796593427658
905,0.015685144811868668,0.015685144811868668
906,0.015556348487734795,0.015556348487734795
907,0.015381849370896816,0.015381849370896816
908,0.015824969857931137,0.015824969857931137
909,0.015295405872166157,0.015295405872166157
910,0.015129225328564644,0.015129225328564644
911,0.016166066750884056,0.016166066750884056
912,0.015417033806443214,0.015417033806443214
913,0.015318198129534721,0.015318198129534721
914,0.014936105348169804,0.014936105348169804
915,0.015043262392282486,0.015043262392282486
916,0.014920155517756939,0.014920155517756939
917,0.015529531985521317,0.015529531985521317
918,0.015063183382153511,0.015063183382153511
919,0.01568380743265152,0.01568380743265152
920,0.01570209488272667,0.01570209488272667
921,0.015864308923482895,0.015864308923482895
922,0.01600915938615799,0.01600915938615799
923,0.0163437332957983,0.0163437332957983
924,0.016133220866322517,0.016133220866322517
925,0.015136243775486946,0.015136243775486946
926,0.015256047248840332,0.015256047248840332
927,0.01503963116556406,0.01503963116556406
928,0.01505441963672638,0.01505441963672638
929,0.014855224639177322,0.014855224639177322
930,0.015109313651919365,0.015109313651919365
931,0.015417319722473621,0.015417319722473621
932,0.015294239856302738,0.015294239856302738
933,0.01516536995768547,0.01516536995768547
934,0.015121370553970337,0.015121370553970337
935,0.016112076118588448,0.016112076118588448
936,0.015270549803972244,0.015270549803972244
937,0.015088786371052265,0.015088786371052265
938,0.015564069151878357,0.015564069151878357
939,0.015559008345007896,0.015559008345007896
940,0.014884677715599537,0.014884677715599537
941,0.015394303947687149,0.015394303947687149
942,0.01492253877222538,0.01492253877222538
943,0.01527639850974083,0.01527639850974083
944,0.015452523715794086,0.015452523715794086
945,0.015539377927780151,0.015539377927780151
946,0.015355660580098629,0.015355660580098629
947,0.015537898056209087,0.015537898056209087
948,0.015443576499819756,0.015443576499819756
949,0.014962517656385899,0.014962517656385899
950,0.01488562673330307,0.01488562673330307
951,0.015008819289505482,0.015008819289505482
952,0.015256405808031559,0.015256405808031559
953,0.014928667806088924,0.014928667806088924
954,0.014737154357135296,0.014737154357135296
955,0.014818255789577961,0.014818255789577961
956,0.014822780154645443,0.014822780154645443
957,0.015116174705326557,0.015116174705326557
958,0.015130428597331047,0.015130428597331047
959,0.014399878680706024,0.014399878680706024
960,0.01447259820997715,0.01447259820997715
961,0.014832373708486557,0.014832373708486557
962,0.014814196154475212,0.014814196154475212
963,0.014775937423110008,0.014775937423110008
964,0.014626658521592617,0.014626658521592617
965,0.015003788284957409,0.015003788284957409
966,0.014821094460785389,0.014821094460785389
967,0.014518468640744686,0.014518468640744686
968,0.014585054479539394,0.014585054479539394
969,0.014580749906599522,0.014580749906599522
970,0.014560573734343052,0.014560573734343052
971,0.01439778320491314,0.01439778320491314
972,0.014949622564017773,0.014949622564017773
973,0.015242144465446472,0.015242144465446472
974,0.01477507408708334,0.01477507408708334
975,0.01520959846675396,0.01520959846675396
976,0.015390724875032902,0.015390724875032902
977,0.01484211627393961,0.01484211627393961
978,0.014381345361471176,0.014381345361471176
979,0.014817177318036556,0.014817177318036556
980,0.014672798104584217,0.014672798104584217
981,0.014762269333004951,0.014762269333004951
982,0.014422631822526455,0.014422631822526455
983,0.014729809947311878,0.014729809947311878
984,0.014412160962820053,0.014412160962820053
985,0.014412568882107735,0.014412568882107735
986,0.014304808340966702,0.014304808340966702
987,0.014520146884024143,0.014520146884024143
988,0.014596196822822094,0.014596196822822094
989,0.014443724416196346,0.014443724416196346
990,0.0143381142988801,0.0143381142988801
991,0.014561115764081478,0.014561115764081478
992,0.01535350177437067,0.01535350177437067
993,0.014909999445080757,0.014909999445080757
994,0.014264682307839394,0.014264682307839394
995,0.01427354384213686,0.01427354384213686
996,0.014283661730587482,0.014283661730587482
997,0.014050350524485111,0.014050350524485111
998,0.014285911805927753,0.014285911805927753
999,0.014481756836175919,0.014481756836175919
